{
  "TSSOP": 0.0125,
  "FCBGA": 0.00135,
  "WLCSP": 0.01111
}
